user_id,user_name,city,age
1,Karan Agarwal,Mumbai,34
2,Riya Kaur,Kolkata,48
3,Arjun Yadav,Hyderabad,24
4,Ananya Sharma,Jaipur,45
5,Simran Sharma,Kolkata,35
6,Priya Singh,Ahmedabad,24
7,Pooja Sharma,Delhi,19
8,Arjun Mehta,Delhi,42
9,Arjun Singh,Jaipur,19
10,Manish Singh,Kolkata,49
11,Manish Singh,Pune,32
12,Arjun Singh,Kolkata,36
13,Amit Yadav,Lucknow,24
14,Karan Jain,Mumbai,39
15,Priya Mehta,Jaipur,50
16,Sneha Singh,Chennai,36
17,Simran Kaur,Lucknow,43
18,Simran Sharma,Kolkata,33
19,Priya Yadav,Jaipur,29
20,Pooja Mehta,Pune,23
21,Ananya Mehta,Mumbai,28
22,Manish Yadav,Pune,49
23,Priya Sharma,Kolkata,20
24,Rahul Agarwal,Ahmedabad,55
25,Vikas Gupta,Bangalore,50
26,Neha Sharma,Hyderabad,52
27,Sneha Mehta,Hyderabad,43
28,Manish Das,Ahmedabad,40
29,Ananya Jain,Lucknow,18
30,Vikas Mehta,Bangalore,51
31,Rohit Mehta,Hyderabad,45
32,Amit Kaur,Pune,54
33,Manish Singh,Lucknow,44
34,Ananya Das,Jaipur,40
35,Amit Mehta,Lucknow,39
36,Ananya Agarwal,Delhi,32
37,Arjun Gupta,Lucknow,55
38,Karan Verma,Lucknow,34
39,Amit Verma,Mumbai,19
40,Ananya Sharma,Chennai,33
41,Rahul Verma,Ahmedabad,29
42,Pooja Jain,Mumbai,28
43,Karan Jain,Lucknow,28
44,Arjun Jain,Chennai,47
45,Priya Das,Kolkata,48
46,Riya Sharma,Chennai,42
47,Pooja Yadav,Hyderabad,34
48,Riya Jain,Lucknow,31
49,Simran Yadav,Delhi,32
50,Amit Yadav,Bangalore,20
51,Priya Gupta,Kolkata,50
52,Arjun Yadav,Lucknow,32
53,Arjun Mehta,Kolkata,32
54,Manish Sharma,Jaipur,54
55,Rohit Das,Jaipur,21
56,Priya Jain,Bangalore,31
57,Amit Jain,Mumbai,22
58,Rahul Jain,Bangalore,44
59,Simran Jain,Bangalore,18
60,Manish Sharma,Ahmedabad,31
61,Simran Kaur,Bangalore,50
62,Amit Yadav,Hyderabad,40
63,Riya Singh,Ahmedabad,45
64,Simran Singh,Kolkata,24
65,Arjun Yadav,Chennai,50
66,Ananya Sharma,Pune,43
67,Rahul Sharma,Bangalore,30
68,Sneha Das,Ahmedabad,26
69,Pooja Yadav,Hyderabad,35
70,Arjun Verma,Jaipur,53
71,Pooja Mehta,Kolkata,52
72,Neha Verma,Delhi,23
73,Karan Gupta,Bangalore,52
74,Neha Jain,Pune,50
75,Sneha Jain,Pune,39
76,Pooja Verma,Chennai,33
77,Sneha Agarwal,Kolkata,26
78,Simran Mehta,Mumbai,38
79,Amit Yadav,Mumbai,42
80,Sneha Gupta,Bangalore,39
81,Riya Agarwal,Ahmedabad,42
82,Riya Agarwal,Lucknow,32
83,Simran Verma,Chennai,41
84,Rahul Agarwal,Lucknow,25
85,Ananya Jain,Mumbai,20
86,Sneha Jain,Delhi,18
87,Riya Yadav,Mumbai,20
88,Neha Singh,Ahmedabad,44
89,Karan Verma,Kolkata,28
90,Arjun Singh,Bangalore,24
91,Vikas Yadav,Lucknow,36
92,Manish Jain,Kolkata,38
93,Riya Singh,Pune,20
94,Amit Sharma,Chennai,38
95,Ananya Yadav,Pune,43
96,Riya Verma,Pune,47
97,Riya Jain,Hyderabad,52
98,Sneha Kaur,Pune,34
99,Karan Mehta,Hyderabad,37
100,Neha Singh,Pune,23
101,Sneha Jain,Mumbai,46
102,Riya Agarwal,Pune,32
103,Vikas Jain,Delhi,38
104,Karan Das,Ahmedabad,37
105,Neha Das,Mumbai,52
106,Simran Agarwal,Ahmedabad,23
107,Neha Singh,Delhi,33
108,Vikas Verma,Chennai,53
109,Sneha Verma,Mumbai,19
110,Arjun Sharma,Chennai,40
111,Ananya Kaur,Bangalore,24
112,Manish Das,Mumbai,50
113,Arjun Gupta,Bangalore,27
114,Karan Das,Chennai,24
115,Priya Mehta,Ahmedabad,36
116,Karan Singh,Bangalore,52
117,Priya Sharma,Pune,53
118,Sneha Singh,Bangalore,37
119,Vikas Mehta,Bangalore,21
120,Priya Singh,Chennai,22
121,Arjun Kaur,Jaipur,53
122,Rahul Mehta,Kolkata,52
123,Ananya Sharma,Jaipur,39
124,Karan Jain,Kolkata,19
125,Rohit Yadav,Ahmedabad,19
126,Amit Das,Ahmedabad,26
127,Simran Gupta,Bangalore,34
128,Sneha Jain,Jaipur,54
129,Vikas Gupta,Ahmedabad,23
130,Neha Kaur,Delhi,29
131,Manish Das,Lucknow,46
132,Arjun Singh,Hyderabad,38
133,Ananya Kaur,Hyderabad,44
134,Pooja Mehta,Ahmedabad,35
135,Arjun Singh,Delhi,22
136,Rohit Mehta,Pune,28
137,Manish Singh,Chennai,37
138,Priya Jain,Lucknow,41
139,Karan Kaur,Ahmedabad,23
140,Sneha Verma,Ahmedabad,50
141,Simran Yadav,Bangalore,27
142,Rahul Yadav,Hyderabad,54
143,Priya Sharma,Kolkata,43
144,Priya Das,Jaipur,50
145,Sneha Gupta,Lucknow,20
146,Manish Verma,Chennai,24
147,Rahul Verma,Bangalore,23
148,Ananya Singh,Jaipur,45
149,Vikas Gupta,Pune,46
150,Karan Agarwal,Kolkata,31
151,Riya Yadav,Ahmedabad,52
152,Vikas Verma,Chennai,35
153,Neha Yadav,Lucknow,18
154,Neha Mehta,Kolkata,55
155,Amit Sharma,Ahmedabad,33
156,Sneha Jain,Hyderabad,29
157,Rahul Gupta,Lucknow,30
158,Rahul Jain,Ahmedabad,34
159,Sneha Kaur,Bangalore,52
160,Pooja Kaur,Jaipur,25
161,Rohit Singh,Ahmedabad,42
162,Neha Jain,Mumbai,19
163,Riya Agarwal,Delhi,52
164,Rahul Gupta,Mumbai,50
165,Pooja Agarwal,Chennai,45
166,Manish Das,Lucknow,38
167,Amit Verma,Kolkata,46
168,Pooja Jain,Lucknow,43
169,Pooja Agarwal,Kolkata,25
170,Arjun Yadav,Jaipur,31
171,Manish Sharma,Chennai,50
172,Neha Kaur,Ahmedabad,51
173,Vikas Jain,Bangalore,46
174,Simran Mehta,Hyderabad,41
175,Manish Sharma,Jaipur,55
176,Vikas Yadav,Pune,55
177,Priya Verma,Kolkata,33
178,Arjun Jain,Delhi,44
179,Priya Gupta,Jaipur,35
180,Sneha Gupta,Mumbai,18
181,Pooja Jain,Jaipur,52
182,Rahul Gupta,Kolkata,34
183,Ananya Gupta,Kolkata,50
184,Amit Jain,Lucknow,24
185,Priya Agarwal,Jaipur,22
186,Pooja Verma,Kolkata,19
187,Karan Mehta,Bangalore,23
188,Vikas Jain,Ahmedabad,37
189,Neha Mehta,Hyderabad,33
190,Pooja Jain,Mumbai,22
191,Priya Mehta,Pune,47
192,Manish Mehta,Delhi,28
193,Rahul Mehta,Chennai,40
194,Simran Singh,Jaipur,53
195,Vikas Gupta,Kolkata,34
196,Sneha Agarwal,Pune,32
197,Rahul Agarwal,Hyderabad,19
198,Sneha Agarwal,Jaipur,38
199,Vikas Singh,Chennai,30
200,Riya Gupta,Ahmedabad,46
201,Simran Gupta,Ahmedabad,34
202,Ananya Mehta,Bangalore,26
203,Rohit Gupta,Kolkata,41
204,Rahul Yadav,Hyderabad,25
205,Priya Singh,Chennai,22
206,Riya Singh,Jaipur,38
207,Ananya Verma,Bangalore,20
208,Amit Agarwal,Delhi,31
209,Arjun Sharma,Kolkata,51
210,Sneha Agarwal,Kolkata,39
211,Arjun Jain,Mumbai,29
212,Riya Singh,Jaipur,32
213,Ananya Kaur,Jaipur,28
214,Neha Singh,Chennai,47
215,Manish Agarwal,Jaipur,31
216,Ananya Jain,Pune,49
217,Simran Verma,Hyderabad,23
218,Amit Sharma,Delhi,48
219,Pooja Yadav,Ahmedabad,36
220,Neha Yadav,Bangalore,27
221,Rohit Sharma,Delhi,42
222,Karan Mehta,Delhi,54
223,Vikas Jain,Bangalore,23
224,Ananya Jain,Delhi,20
225,Manish Sharma,Lucknow,26
226,Amit Jain,Mumbai,45
227,Riya Singh,Delhi,49
228,Arjun Gupta,Chennai,30
229,Arjun Kaur,Jaipur,39
230,Arjun Jain,Chennai,33
231,Neha Sharma,Ahmedabad,55
232,Karan Das,Jaipur,53
233,Arjun Mehta,Delhi,40
234,Manish Yadav,Lucknow,30
235,Priya Mehta,Jaipur,22
236,Priya Jain,Ahmedabad,22
237,Rahul Gupta,Mumbai,27
238,Amit Singh,Jaipur,20
239,Amit Verma,Lucknow,48
240,Manish Das,Mumbai,38
241,Amit Gupta,Lucknow,20
242,Ananya Gupta,Jaipur,46
243,Amit Mehta,Chennai,23
244,Rahul Das,Mumbai,37
245,Amit Yadav,Delhi,34
246,Pooja Gupta,Chennai,42
247,Rohit Verma,Chennai,24
248,Vikas Singh,Lucknow,53
249,Neha Das,Pune,50
250,Rohit Yadav,Ahmedabad,48
251,Riya Gupta,Kolkata,51
252,Manish Agarwal,Lucknow,52
253,Amit Jain,Bangalore,30
254,Pooja Yadav,Lucknow,38
255,Riya Yadav,Pune,26
256,Simran Verma,Delhi,37
257,Sneha Mehta,Pune,44
258,Rahul Das,Pune,35
259,Pooja Mehta,Lucknow,18
260,Manish Verma,Bangalore,38
261,Priya Das,Pune,54
262,Riya Kaur,Chennai,48
263,Ananya Das,Jaipur,23
264,Simran Sharma,Bangalore,21
265,Manish Kaur,Ahmedabad,34
266,Rohit Singh,Ahmedabad,39
267,Pooja Das,Jaipur,37
268,Ananya Agarwal,Pune,52
269,Manish Gupta,Delhi,27
270,Rahul Singh,Ahmedabad,26
271,Riya Gupta,Jaipur,21
272,Rohit Verma,Lucknow,35
273,Priya Verma,Hyderabad,34
274,Riya Agarwal,Lucknow,23
275,Sneha Verma,Hyderabad,29
276,Manish Yadav,Delhi,55
277,Pooja Kaur,Chennai,32
278,Neha Agarwal,Kolkata,33
279,Vikas Kaur,Pune,52
280,Neha Kaur,Mumbai,34
281,Vikas Singh,Delhi,52
282,Rohit Yadav,Lucknow,49
283,Riya Yadav,Ahmedabad,50
284,Rohit Agarwal,Ahmedabad,45
285,Amit Das,Kolkata,18
286,Neha Jain,Delhi,52
287,Riya Jain,Lucknow,38
288,Rohit Mehta,Ahmedabad,53
289,Rahul Mehta,Jaipur,52
290,Sneha Mehta,Jaipur,55
291,Rahul Kaur,Chennai,26
292,Manish Kaur,Ahmedabad,26
293,Manish Gupta,Chennai,18
294,Vikas Agarwal,Delhi,41
295,Vikas Yadav,Chennai,19
296,Riya Verma,Delhi,42
297,Rahul Kaur,Chennai,41
298,Arjun Kaur,Pune,42
299,Ananya Verma,Kolkata,40
300,Karan Yadav,Bangalore,19
301,Karan Jain,Pune,26
302,Simran Jain,Jaipur,34
303,Manish Jain,Jaipur,35
304,Vikas Das,Kolkata,31
305,Priya Kaur,Jaipur,45
306,Riya Verma,Bangalore,31
307,Karan Singh,Delhi,24
308,Rahul Gupta,Kolkata,24
309,Vikas Gupta,Delhi,23
310,Vikas Agarwal,Delhi,53
311,Neha Mehta,Jaipur,40
312,Amit Verma,Lucknow,44
313,Sneha Verma,Chennai,35
314,Karan Kaur,Delhi,31
315,Arjun Verma,Jaipur,25
316,Arjun Kaur,Chennai,50
317,Ananya Yadav,Mumbai,48
318,Riya Gupta,Jaipur,30
319,Karan Mehta,Chennai,44
320,Priya Mehta,Chennai,49
321,Arjun Mehta,Hyderabad,39
322,Sneha Kaur,Mumbai,18
323,Rohit Das,Chennai,21
324,Manish Kaur,Chennai,24
325,Neha Mehta,Chennai,35
326,Priya Singh,Jaipur,27
327,Karan Jain,Hyderabad,44
328,Manish Agarwal,Delhi,52
329,Sneha Agarwal,Lucknow,27
330,Vikas Jain,Chennai,48
331,Priya Jain,Chennai,49
332,Neha Kaur,Pune,48
333,Neha Das,Bangalore,29
334,Priya Agarwal,Kolkata,52
335,Karan Sharma,Lucknow,38
336,Manish Gupta,Hyderabad,38
337,Simran Kaur,Kolkata,39
338,Riya Gupta,Bangalore,34
339,Neha Verma,Lucknow,21
340,Simran Gupta,Mumbai,32
341,Simran Singh,Lucknow,54
342,Arjun Jain,Jaipur,38
343,Amit Sharma,Chennai,32
344,Riya Singh,Chennai,39
345,Rahul Agarwal,Lucknow,42
346,Amit Verma,Pune,40
347,Karan Verma,Chennai,27
348,Arjun Agarwal,Delhi,40
349,Riya Verma,Mumbai,37
350,Pooja Singh,Chennai,51
351,Amit Das,Delhi,23
352,Karan Yadav,Pune,33
353,Riya Das,Chennai,18
354,Manish Das,Mumbai,40
355,Rohit Gupta,Ahmedabad,35
356,Vikas Verma,Ahmedabad,51
357,Ananya Agarwal,Jaipur,52
358,Vikas Jain,Hyderabad,37
359,Manish Gupta,Delhi,50
360,Riya Gupta,Hyderabad,31
361,Vikas Jain,Lucknow,19
362,Rahul Mehta,Chennai,51
363,Rahul Kaur,Bangalore,43
364,Priya Verma,Pune,22
365,Arjun Mehta,Pune,52
366,Manish Mehta,Ahmedabad,19
367,Simran Jain,Kolkata,26
368,Karan Verma,Ahmedabad,27
369,Arjun Singh,Kolkata,39
370,Pooja Jain,Bangalore,27
371,Sneha Yadav,Kolkata,43
372,Riya Agarwal,Bangalore,35
373,Rahul Agarwal,Delhi,52
374,Amit Gupta,Jaipur,53
375,Riya Kaur,Delhi,45
376,Simran Yadav,Chennai,41
377,Vikas Yadav,Ahmedabad,47
378,Amit Verma,Kolkata,20
379,Arjun Sharma,Delhi,25
380,Simran Gupta,Lucknow,50
381,Rohit Das,Lucknow,35
382,Rohit Agarwal,Pune,48
383,Sneha Singh,Ahmedabad,33
384,Riya Mehta,Pune,28
385,Riya Sharma,Pune,45
386,Priya Das,Chennai,21
387,Simran Yadav,Jaipur,42
388,Pooja Jain,Pune,46
389,Rohit Singh,Ahmedabad,51
390,Karan Sharma,Pune,25
391,Manish Gupta,Lucknow,49
392,Pooja Verma,Ahmedabad,19
393,Ananya Singh,Jaipur,29
394,Vikas Singh,Mumbai,33
395,Pooja Das,Hyderabad,47
396,Priya Kaur,Pune,49
397,Arjun Singh,Jaipur,46
398,Vikas Mehta,Mumbai,54
399,Ananya Jain,Bangalore,27
400,Amit Yadav,Jaipur,24
401,Rohit Sharma,Mumbai,29
402,Ananya Yadav,Lucknow,36
403,Karan Gupta,Lucknow,24
404,Rahul Sharma,Kolkata,43
405,Rohit Singh,Lucknow,43
406,Amit Mehta,Hyderabad,45
407,Karan Gupta,Pune,33
408,Riya Mehta,Lucknow,28
409,Karan Yadav,Ahmedabad,19
410,Manish Singh,Jaipur,33
411,Rohit Sharma,Lucknow,30
412,Priya Mehta,Ahmedabad,52
413,Riya Singh,Jaipur,47
414,Riya Agarwal,Delhi,42
415,Riya Mehta,Mumbai,48
416,Amit Mehta,Hyderabad,18
417,Amit Jain,Kolkata,35
418,Priya Yadav,Bangalore,26
419,Manish Das,Lucknow,46
420,Manish Yadav,Lucknow,28
421,Priya Yadav,Jaipur,30
422,Ananya Jain,Pune,27
423,Rahul Agarwal,Chennai,29
424,Rohit Agarwal,Mumbai,41
425,Pooja Gupta,Chennai,34
426,Rahul Das,Jaipur,35
427,Simran Kaur,Delhi,27
428,Karan Jain,Hyderabad,30
429,Riya Agarwal,Lucknow,30
430,Manish Yadav,Hyderabad,54
431,Karan Mehta,Kolkata,43
432,Priya Singh,Mumbai,22
433,Karan Sharma,Delhi,43
434,Vikas Yadav,Bangalore,55
435,Simran Gupta,Lucknow,52
436,Riya Singh,Jaipur,26
437,Rahul Singh,Jaipur,40
438,Priya Gupta,Hyderabad,37
439,Priya Gupta,Pune,49
440,Manish Jain,Mumbai,50
441,Sneha Jain,Hyderabad,47
442,Amit Jain,Ahmedabad,55
443,Riya Agarwal,Pune,46
444,Rahul Agarwal,Delhi,21
445,Sneha Das,Bangalore,26
446,Arjun Verma,Mumbai,45
447,Arjun Agarwal,Hyderabad,31
448,Manish Mehta,Jaipur,25
449,Priya Singh,Jaipur,51
450,Karan Agarwal,Chennai,18
451,Priya Verma,Hyderabad,54
452,Vikas Kaur,Lucknow,32
453,Rahul Sharma,Bangalore,53
454,Manish Singh,Jaipur,35
455,Rohit Yadav,Jaipur,35
456,Ananya Verma,Bangalore,29
457,Manish Sharma,Kolkata,20
458,Ananya Singh,Jaipur,52
459,Sneha Das,Hyderabad,24
460,Riya Sharma,Jaipur,46
461,Neha Gupta,Ahmedabad,50
462,Neha Mehta,Jaipur,51
463,Pooja Singh,Hyderabad,41
464,Arjun Agarwal,Mumbai,39
465,Amit Kaur,Delhi,29
466,Karan Jain,Kolkata,20
467,Simran Mehta,Mumbai,54
468,Vikas Verma,Jaipur,50
469,Sneha Agarwal,Chennai,43
470,Rahul Das,Kolkata,21
471,Manish Kaur,Delhi,45
472,Rahul Agarwal,Pune,27
473,Simran Agarwal,Lucknow,35
474,Riya Agarwal,Pune,44
475,Vikas Mehta,Delhi,54
476,Simran Verma,Delhi,54
477,Manish Sharma,Mumbai,39
478,Pooja Das,Lucknow,20
479,Arjun Das,Ahmedabad,22
480,Ananya Verma,Lucknow,46
481,Pooja Mehta,Lucknow,18
482,Karan Das,Pune,31
483,Karan Agarwal,Bangalore,55
484,Riya Yadav,Pune,50
485,Vikas Das,Pune,34
486,Simran Das,Delhi,22
487,Rohit Singh,Chennai,43
488,Manish Jain,Ahmedabad,23
489,Riya Gupta,Chennai,44
490,Riya Gupta,Chennai,53
491,Priya Jain,Hyderabad,31
492,Riya Jain,Kolkata,21
493,Priya Mehta,Chennai,31
494,Sneha Mehta,Mumbai,53
495,Pooja Das,Chennai,51
496,Karan Sharma,Kolkata,41
497,Rohit Sharma,Delhi,38
498,Vikas Gupta,Lucknow,20
499,Priya Agarwal,Lucknow,45
500,Karan Singh,Hyderabad,25
501,Simran Gupta,Ahmedabad,50
502,Riya Jain,Kolkata,30
503,Rohit Sharma,Pune,47
504,Pooja Agarwal,Pune,32
505,Arjun Sharma,Delhi,49
506,Amit Gupta,Chennai,53
507,Amit Sharma,Hyderabad,23
508,Manish Gupta,Delhi,51
509,Neha Singh,Kolkata,36
510,Neha Kaur,Lucknow,41
511,Pooja Yadav,Mumbai,30
512,Simran Gupta,Hyderabad,37
513,Simran Yadav,Ahmedabad,48
514,Pooja Sharma,Kolkata,19
515,Riya Agarwal,Ahmedabad,45
516,Sneha Agarwal,Pune,39
517,Riya Yadav,Hyderabad,50
518,Rohit Kaur,Ahmedabad,54
519,Arjun Mehta,Lucknow,48
520,Simran Agarwal,Kolkata,48
521,Karan Jain,Lucknow,37
522,Simran Yadav,Ahmedabad,52
523,Rahul Jain,Chennai,18
524,Simran Sharma,Kolkata,47
525,Pooja Singh,Lucknow,46
526,Neha Kaur,Pune,27
527,Vikas Yadav,Delhi,25
528,Pooja Sharma,Chennai,52
529,Priya Sharma,Chennai,42
530,Amit Das,Pune,37
531,Simran Sharma,Hyderabad,23
532,Pooja Verma,Mumbai,26
533,Rohit Jain,Jaipur,39
534,Neha Sharma,Bangalore,50
535,Priya Agarwal,Pune,37
536,Rahul Yadav,Jaipur,51
537,Ananya Verma,Hyderabad,44
538,Neha Agarwal,Delhi,33
539,Arjun Singh,Hyderabad,43
540,Vikas Singh,Ahmedabad,27
541,Priya Jain,Pune,18
542,Priya Jain,Kolkata,49
543,Karan Gupta,Delhi,41
544,Vikas Mehta,Pune,50
545,Ananya Das,Ahmedabad,25
546,Simran Jain,Lucknow,35
547,Vikas Sharma,Chennai,23
548,Arjun Kaur,Mumbai,50
549,Neha Agarwal,Chennai,45
550,Pooja Singh,Delhi,24
551,Simran Mehta,Lucknow,50
552,Karan Gupta,Chennai,21
553,Riya Singh,Delhi,21
554,Vikas Sharma,Mumbai,21
555,Amit Sharma,Lucknow,39
556,Pooja Sharma,Ahmedabad,18
557,Manish Singh,Kolkata,30
558,Rahul Jain,Ahmedabad,53
559,Manish Jain,Hyderabad,29
560,Neha Yadav,Delhi,33
561,Manish Kaur,Delhi,39
562,Pooja Yadav,Mumbai,19
563,Simran Gupta,Lucknow,23
564,Rohit Gupta,Hyderabad,32
565,Karan Jain,Mumbai,21
566,Rohit Das,Bangalore,22
567,Sneha Kaur,Bangalore,32
568,Amit Jain,Pune,21
569,Simran Verma,Kolkata,30
570,Rohit Singh,Bangalore,25
571,Amit Singh,Delhi,25
572,Riya Singh,Chennai,34
573,Manish Yadav,Hyderabad,20
574,Priya Jain,Hyderabad,38
575,Pooja Das,Kolkata,42
576,Sneha Yadav,Mumbai,45
577,Neha Kaur,Pune,29
578,Simran Verma,Hyderabad,22
579,Rohit Yadav,Chennai,52
580,Rahul Das,Pune,44
581,Ananya Das,Pune,38
582,Vikas Kaur,Lucknow,19
583,Pooja Gupta,Chennai,28
584,Rahul Agarwal,Bangalore,53
585,Priya Gupta,Bangalore,47
586,Arjun Gupta,Bangalore,28
587,Riya Agarwal,Chennai,33
588,Pooja Das,Bangalore,35
589,Sneha Kaur,Chennai,22
590,Vikas Gupta,Lucknow,40
591,Ananya Verma,Bangalore,38
592,Riya Gupta,Kolkata,52
593,Amit Sharma,Hyderabad,40
594,Priya Das,Lucknow,40
595,Sneha Mehta,Pune,39
596,Arjun Verma,Bangalore,42
597,Amit Jain,Ahmedabad,31
598,Amit Singh,Chennai,38
599,Simran Yadav,Hyderabad,41
600,Rohit Sharma,Hyderabad,36
601,Priya Agarwal,Delhi,30
602,Riya Gupta,Hyderabad,41
603,Manish Jain,Bangalore,28
604,Neha Verma,Chennai,54
605,Manish Mehta,Lucknow,52
606,Rohit Yadav,Kolkata,55
607,Manish Kaur,Bangalore,50
608,Sneha Das,Hyderabad,45
609,Rohit Verma,Chennai,31
610,Neha Gupta,Bangalore,31
611,Amit Gupta,Kolkata,41
612,Karan Sharma,Pune,23
613,Simran Singh,Hyderabad,23
614,Ananya Singh,Ahmedabad,39
615,Karan Agarwal,Delhi,31
616,Pooja Kaur,Lucknow,20
617,Amit Das,Kolkata,53
618,Pooja Gupta,Kolkata,22
619,Manish Das,Ahmedabad,37
620,Simran Das,Ahmedabad,23
621,Ananya Das,Jaipur,22
622,Rahul Verma,Pune,19
623,Karan Das,Hyderabad,38
624,Rahul Jain,Chennai,49
625,Vikas Sharma,Chennai,28
626,Arjun Jain,Delhi,25
627,Vikas Yadav,Ahmedabad,31
628,Rahul Das,Ahmedabad,49
629,Simran Jain,Ahmedabad,34
630,Arjun Gupta,Pune,27
631,Pooja Verma,Jaipur,40
632,Manish Agarwal,Hyderabad,43
633,Ananya Gupta,Kolkata,33
634,Amit Singh,Mumbai,22
635,Amit Mehta,Lucknow,48
636,Simran Kaur,Pune,51
637,Rohit Gupta,Ahmedabad,49
638,Vikas Sharma,Jaipur,53
639,Priya Mehta,Kolkata,28
640,Simran Agarwal,Pune,21
641,Sneha Das,Pune,46
642,Neha Mehta,Chennai,23
643,Ananya Das,Hyderabad,28
644,Karan Kaur,Delhi,41
645,Simran Das,Bangalore,54
646,Ananya Kaur,Delhi,54
647,Neha Agarwal,Delhi,46
648,Arjun Gupta,Lucknow,31
649,Vikas Kaur,Mumbai,38
650,Rahul Gupta,Bangalore,39
651,Karan Gupta,Ahmedabad,51
652,Rahul Singh,Lucknow,45
653,Ananya Kaur,Lucknow,53
654,Rahul Gupta,Lucknow,50
655,Rahul Agarwal,Hyderabad,36
656,Arjun Gupta,Delhi,39
657,Riya Yadav,Jaipur,50
658,Priya Gupta,Ahmedabad,46
659,Ananya Mehta,Kolkata,41
660,Sneha Singh,Delhi,23
661,Priya Verma,Mumbai,52
662,Vikas Gupta,Kolkata,43
663,Karan Kaur,Kolkata,51
664,Sneha Agarwal,Delhi,55
665,Neha Agarwal,Kolkata,49
666,Vikas Jain,Pune,29
667,Sneha Agarwal,Chennai,29
668,Rohit Sharma,Lucknow,21
669,Rohit Verma,Lucknow,32
670,Ananya Das,Kolkata,39
671,Priya Verma,Jaipur,21
672,Priya Kaur,Chennai,44
673,Ananya Das,Lucknow,24
674,Karan Yadav,Lucknow,45
675,Simran Kaur,Lucknow,27
676,Pooja Gupta,Pune,26
677,Simran Singh,Hyderabad,31
678,Ananya Gupta,Mumbai,24
679,Vikas Sharma,Kolkata,27
680,Pooja Mehta,Pune,35
681,Vikas Sharma,Jaipur,49
682,Priya Kaur,Chennai,37
683,Arjun Agarwal,Jaipur,38
684,Sneha Jain,Bangalore,24
685,Ananya Gupta,Kolkata,27
686,Ananya Verma,Lucknow,25
687,Manish Das,Pune,49
688,Arjun Mehta,Pune,55
689,Pooja Mehta,Ahmedabad,47
690,Pooja Kaur,Jaipur,52
691,Neha Gupta,Hyderabad,52
692,Neha Agarwal,Hyderabad,21
693,Rohit Das,Ahmedabad,21
694,Pooja Yadav,Delhi,40
695,Pooja Das,Ahmedabad,44
696,Neha Jain,Hyderabad,38
697,Vikas Yadav,Bangalore,18
698,Vikas Das,Ahmedabad,32
699,Neha Verma,Ahmedabad,38
700,Vikas Singh,Chennai,24
701,Vikas Sharma,Pune,23
702,Rohit Yadav,Bangalore,25
703,Manish Gupta,Pune,27
704,Vikas Yadav,Pune,52
705,Sneha Mehta,Chennai,31
706,Neha Gupta,Bangalore,52
707,Karan Gupta,Mumbai,46
708,Simran Mehta,Bangalore,45
709,Karan Das,Ahmedabad,38
710,Simran Gupta,Delhi,40
711,Rohit Gupta,Hyderabad,33
712,Priya Kaur,Ahmedabad,49
713,Amit Verma,Bangalore,52
714,Ananya Agarwal,Bangalore,31
715,Pooja Gupta,Chennai,40
716,Riya Yadav,Kolkata,19
717,Manish Kaur,Hyderabad,33
718,Neha Sharma,Chennai,20
719,Rahul Mehta,Hyderabad,22
720,Rohit Verma,Mumbai,43
721,Pooja Verma,Kolkata,54
722,Manish Kaur,Chennai,27
723,Vikas Das,Pune,42
724,Vikas Yadav,Pune,53
725,Neha Singh,Mumbai,27
726,Neha Singh,Delhi,33
727,Arjun Yadav,Kolkata,46
728,Simran Verma,Delhi,29
729,Sneha Mehta,Delhi,20
730,Vikas Jain,Jaipur,26
731,Sneha Singh,Pune,44
732,Rohit Das,Ahmedabad,21
733,Manish Kaur,Bangalore,51
734,Pooja Agarwal,Delhi,40
735,Riya Singh,Mumbai,45
736,Karan Sharma,Pune,26
737,Karan Jain,Delhi,48
738,Arjun Sharma,Kolkata,22
739,Rohit Agarwal,Jaipur,23
740,Ananya Mehta,Ahmedabad,50
741,Riya Gupta,Lucknow,43
742,Arjun Agarwal,Lucknow,44
743,Neha Mehta,Jaipur,48
744,Sneha Das,Kolkata,25
745,Riya Singh,Ahmedabad,41
746,Riya Verma,Pune,24
747,Neha Verma,Ahmedabad,23
748,Amit Mehta,Jaipur,33
749,Riya Jain,Kolkata,21
750,Simran Yadav,Lucknow,37
751,Vikas Sharma,Ahmedabad,19
752,Rahul Agarwal,Kolkata,46
753,Neha Jain,Pune,48
754,Ananya Mehta,Delhi,35
755,Manish Gupta,Kolkata,47
756,Rahul Agarwal,Ahmedabad,29
757,Pooja Mehta,Jaipur,44
758,Arjun Mehta,Ahmedabad,43
759,Ananya Singh,Chennai,19
760,Riya Gupta,Kolkata,25
761,Sneha Das,Chennai,37
762,Rohit Mehta,Chennai,26
763,Riya Mehta,Bangalore,47
764,Sneha Sharma,Kolkata,48
765,Priya Agarwal,Pune,52
766,Pooja Gupta,Delhi,52
767,Neha Jain,Ahmedabad,22
768,Rohit Kaur,Chennai,18
769,Arjun Jain,Lucknow,19
770,Simran Yadav,Mumbai,24
771,Arjun Das,Ahmedabad,54
772,Ananya Verma,Ahmedabad,49
773,Manish Das,Ahmedabad,20
774,Neha Gupta,Delhi,25
775,Rohit Sharma,Mumbai,53
776,Manish Jain,Hyderabad,28
777,Manish Gupta,Hyderabad,31
778,Riya Mehta,Pune,54
779,Vikas Jain,Ahmedabad,26
780,Rahul Agarwal,Hyderabad,22
781,Sneha Agarwal,Chennai,21
782,Amit Yadav,Ahmedabad,36
783,Sneha Kaur,Jaipur,45
784,Sneha Verma,Bangalore,31
785,Rohit Sharma,Jaipur,44
786,Pooja Das,Lucknow,27
787,Karan Singh,Hyderabad,21
788,Pooja Verma,Kolkata,38
789,Sneha Singh,Hyderabad,34
790,Karan Mehta,Jaipur,24
791,Ananya Agarwal,Delhi,48
792,Rahul Jain,Chennai,31
793,Rohit Gupta,Jaipur,20
794,Rohit Yadav,Kolkata,52
795,Sneha Sharma,Bangalore,32
796,Sneha Kaur,Mumbai,36
797,Priya Agarwal,Jaipur,30
798,Manish Das,Mumbai,33
799,Neha Kaur,Ahmedabad,25
800,Karan Kaur,Pune,45
801,Vikas Mehta,Jaipur,19
802,Arjun Yadav,Bangalore,45
803,Karan Sharma,Chennai,42
804,Simran Yadav,Mumbai,30
805,Simran Jain,Kolkata,45
806,Rahul Mehta,Mumbai,38
807,Rohit Gupta,Lucknow,52
808,Rohit Jain,Delhi,53
809,Arjun Verma,Pune,47
810,Rahul Verma,Chennai,26
811,Rohit Verma,Jaipur,42
812,Amit Kaur,Ahmedabad,26
813,Rohit Mehta,Jaipur,49
814,Rohit Singh,Lucknow,19
815,Vikas Sharma,Jaipur,23
816,Neha Sharma,Kolkata,23
817,Rahul Agarwal,Delhi,40
818,Rohit Sharma,Mumbai,22
819,Sneha Sharma,Ahmedabad,37
820,Pooja Jain,Mumbai,52
821,Ananya Agarwal,Pune,38
822,Sneha Gupta,Pune,51
823,Neha Das,Ahmedabad,32
824,Neha Singh,Chennai,37
825,Sneha Mehta,Pune,37
826,Simran Sharma,Kolkata,34
827,Sneha Singh,Bangalore,33
828,Sneha Gupta,Mumbai,34
829,Vikas Singh,Bangalore,28
830,Sneha Mehta,Ahmedabad,22
831,Pooja Yadav,Hyderabad,28
832,Amit Kaur,Hyderabad,43
833,Rohit Verma,Chennai,32
834,Priya Jain,Lucknow,46
835,Pooja Verma,Mumbai,22
836,Sneha Singh,Mumbai,51
837,Ananya Mehta,Kolkata,18
838,Simran Gupta,Kolkata,45
839,Manish Verma,Hyderabad,18
840,Neha Jain,Hyderabad,51
841,Simran Jain,Chennai,34
842,Pooja Jain,Chennai,21
843,Amit Sharma,Kolkata,20
844,Neha Verma,Pune,46
845,Arjun Jain,Mumbai,33
846,Arjun Verma,Hyderabad,19
847,Neha Gupta,Ahmedabad,19
848,Ananya Sharma,Lucknow,32
849,Sneha Kaur,Bangalore,52
850,Amit Singh,Bangalore,22
851,Amit Gupta,Pune,54
852,Riya Mehta,Lucknow,34
853,Neha Yadav,Delhi,52
854,Rahul Das,Chennai,52
855,Vikas Yadav,Lucknow,51
856,Manish Kaur,Chennai,23
857,Karan Kaur,Ahmedabad,43
858,Karan Agarwal,Hyderabad,51
859,Amit Mehta,Delhi,38
860,Karan Singh,Pune,43
861,Amit Yadav,Ahmedabad,48
862,Sneha Mehta,Mumbai,20
863,Karan Mehta,Jaipur,52
864,Vikas Mehta,Chennai,55
865,Amit Singh,Hyderabad,37
866,Priya Yadav,Chennai,51
867,Amit Agarwal,Chennai,30
868,Manish Mehta,Lucknow,28
869,Neha Verma,Hyderabad,48
870,Karan Sharma,Jaipur,36
871,Amit Gupta,Mumbai,20
872,Priya Agarwal,Jaipur,48
873,Karan Singh,Ahmedabad,47
874,Rohit Verma,Jaipur,32
875,Riya Gupta,Pune,50
876,Ananya Kaur,Lucknow,41
877,Vikas Agarwal,Hyderabad,46
878,Rahul Yadav,Pune,42
879,Rohit Agarwal,Hyderabad,42
880,Simran Verma,Bangalore,40
881,Riya Sharma,Jaipur,55
882,Ananya Sharma,Kolkata,25
883,Arjun Singh,Kolkata,40
884,Manish Verma,Pune,20
885,Rahul Agarwal,Lucknow,39
886,Karan Agarwal,Bangalore,45
887,Arjun Jain,Kolkata,33
888,Ananya Yadav,Delhi,50
889,Rahul Verma,Chennai,34
890,Amit Agarwal,Mumbai,38
891,Arjun Mehta,Bangalore,32
892,Rahul Verma,Bangalore,47
893,Pooja Yadav,Kolkata,48
894,Arjun Verma,Ahmedabad,49
895,Simran Verma,Delhi,21
896,Amit Jain,Delhi,35
897,Rahul Gupta,Lucknow,48
898,Simran Das,Delhi,47
899,Sneha Das,Hyderabad,32
900,Pooja Sharma,Delhi,46
901,Manish Singh,Jaipur,27
902,Karan Singh,Mumbai,43
903,Amit Gupta,Pune,18
904,Ananya Mehta,Ahmedabad,51
905,Karan Sharma,Jaipur,32
906,Sneha Jain,Lucknow,46
907,Neha Sharma,Ahmedabad,42
908,Vikas Yadav,Lucknow,45
909,Rahul Kaur,Pune,54
910,Amit Verma,Kolkata,44
911,Karan Yadav,Bangalore,52
912,Manish Mehta,Lucknow,29
913,Rahul Yadav,Kolkata,36
914,Pooja Kaur,Jaipur,53
915,Vikas Jain,Hyderabad,40
916,Manish Mehta,Lucknow,32
917,Rahul Sharma,Mumbai,34
918,Priya Yadav,Bangalore,34
919,Rohit Agarwal,Chennai,49
920,Amit Gupta,Kolkata,25
921,Neha Gupta,Mumbai,42
922,Amit Gupta,Mumbai,24
923,Ananya Mehta,Kolkata,19
924,Amit Jain,Delhi,51
925,Ananya Singh,Pune,46
926,Riya Das,Pune,42
927,Arjun Yadav,Chennai,23
928,Neha Kaur,Lucknow,40
929,Vikas Yadav,Jaipur,55
930,Rahul Gupta,Bangalore,21
931,Pooja Das,Jaipur,22
932,Arjun Agarwal,Pune,54
933,Karan Gupta,Mumbai,52
934,Neha Kaur,Hyderabad,40
935,Simran Mehta,Bangalore,31
936,Rahul Gupta,Bangalore,43
937,Vikas Kaur,Pune,20
938,Manish Verma,Delhi,41
939,Neha Gupta,Hyderabad,43
940,Ananya Mehta,Ahmedabad,35
941,Vikas Agarwal,Pune,48
942,Pooja Verma,Ahmedabad,21
943,Rohit Gupta,Lucknow,48
944,Karan Verma,Delhi,22
945,Amit Gupta,Chennai,30
946,Priya Kaur,Jaipur,52
947,Manish Jain,Chennai,53
948,Vikas Verma,Jaipur,47
949,Neha Verma,Pune,26
950,Arjun Agarwal,Delhi,42
951,Arjun Sharma,Chennai,40
952,Rohit Sharma,Ahmedabad,46
953,Pooja Agarwal,Delhi,52
954,Pooja Yadav,Delhi,55
955,Sneha Kaur,Mumbai,45
956,Vikas Verma,Ahmedabad,19
957,Amit Mehta,Ahmedabad,44
958,Rohit Das,Bangalore,43
959,Priya Sharma,Bangalore,36
960,Manish Agarwal,Jaipur,28
961,Rohit Agarwal,Kolkata,36
962,Simran Agarwal,Chennai,20
963,Rohit Yadav,Lucknow,55
964,Vikas Gupta,Pune,28
965,Ananya Yadav,Ahmedabad,53
966,Arjun Gupta,Lucknow,23
967,Simran Agarwal,Ahmedabad,43
968,Rahul Yadav,Kolkata,20
969,Rohit Jain,Bangalore,35
970,Vikas Jain,Mumbai,34
971,Amit Verma,Mumbai,47
972,Karan Kaur,Hyderabad,33
973,Amit Singh,Mumbai,24
974,Sneha Verma,Delhi,55
975,Arjun Verma,Delhi,34
976,Vikas Gupta,Pune,25
977,Amit Yadav,Ahmedabad,32
978,Karan Mehta,Ahmedabad,49
979,Sneha Gupta,Pune,43
980,Sneha Mehta,Ahmedabad,28
981,Pooja Mehta,Mumbai,21
982,Amit Agarwal,Chennai,24
983,Ananya Verma,Delhi,21
984,Priya Jain,Lucknow,37
985,Simran Agarwal,Chennai,47
986,Vikas Verma,Hyderabad,37
987,Arjun Gupta,Lucknow,50
988,Priya Sharma,Pune,46
989,Riya Yadav,Bangalore,35
990,Riya Das,Chennai,31
991,Pooja Agarwal,Bangalore,53
992,Neha Agarwal,Delhi,32
993,Priya Kaur,Pune,26
994,Vikas Das,Jaipur,46
995,Riya Jain,Delhi,51
996,Rahul Mehta,Pune,30
997,Neha Singh,Hyderabad,42
998,Pooja Jain,Delhi,49
999,Rohit Mehta,Bangalore,45
1000,Rohit Kaur,Mumbai,51
1001,Rohit Jain,Mumbai,32
1002,Riya Yadav,Jaipur,27
1003,Riya Kaur,Lucknow,31
1004,Karan Singh,Chennai,41
1005,Sneha Das,Pune,34
1006,Simran Gupta,Delhi,32
1007,Rahul Kaur,Ahmedabad,52
1008,Amit Das,Delhi,29
1009,Priya Singh,Chennai,32
1010,Riya Yadav,Pune,41
1011,Rohit Singh,Mumbai,18
1012,Vikas Das,Ahmedabad,39
1013,Arjun Yadav,Pune,55
1014,Rohit Jain,Jaipur,35
1015,Rohit Das,Ahmedabad,22
1016,Rohit Yadav,Hyderabad,48
1017,Pooja Jain,Delhi,24
1018,Simran Mehta,Delhi,28
1019,Simran Singh,Lucknow,46
1020,Sneha Jain,Jaipur,43
1021,Simran Sharma,Mumbai,43
1022,Karan Agarwal,Hyderabad,48
1023,Arjun Yadav,Kolkata,24
1024,Vikas Gupta,Kolkata,31
1025,Arjun Jain,Lucknow,20
1026,Sneha Jain,Chennai,26
1027,Rahul Mehta,Chennai,48
1028,Karan Yadav,Pune,51
1029,Pooja Singh,Chennai,20
1030,Rahul Mehta,Ahmedabad,36
1031,Ananya Jain,Chennai,28
1032,Rahul Jain,Pune,27
1033,Rahul Yadav,Kolkata,49
1034,Priya Gupta,Jaipur,20
1035,Riya Agarwal,Hyderabad,38
1036,Amit Mehta,Chennai,20
1037,Vikas Verma,Ahmedabad,38
1038,Karan Sharma,Pune,33
1039,Simran Das,Lucknow,45
1040,Priya Singh,Lucknow,23
1041,Amit Das,Delhi,46
1042,Amit Gupta,Chennai,31
1043,Sneha Yadav,Chennai,28
1044,Amit Sharma,Kolkata,42
1045,Sneha Mehta,Mumbai,42
1046,Rahul Yadav,Delhi,32
1047,Pooja Yadav,Ahmedabad,54
1048,Ananya Agarwal,Hyderabad,55
1049,Manish Verma,Pune,43
1050,Sneha Gupta,Hyderabad,51
1051,Sneha Kaur,Mumbai,44
1052,Arjun Yadav,Hyderabad,34
1053,Rohit Sharma,Chennai,20
1054,Rahul Verma,Bangalore,34
1055,Rohit Kaur,Jaipur,37
1056,Riya Jain,Delhi,48
1057,Karan Jain,Lucknow,31
1058,Karan Sharma,Jaipur,53
1059,Amit Agarwal,Lucknow,37
1060,Amit Yadav,Pune,24
1061,Rahul Gupta,Ahmedabad,30
1062,Riya Gupta,Ahmedabad,42
1063,Manish Agarwal,Delhi,32
1064,Vikas Sharma,Delhi,51
1065,Vikas Agarwal,Bangalore,21
1066,Priya Yadav,Jaipur,30
1067,Karan Singh,Mumbai,46
1068,Manish Mehta,Pune,34
1069,Neha Mehta,Ahmedabad,34
1070,Sneha Yadav,Hyderabad,36
1071,Simran Jain,Bangalore,35
1072,Pooja Agarwal,Chennai,50
1073,Arjun Singh,Hyderabad,52
1074,Arjun Sharma,Mumbai,31
1075,Rahul Gupta,Pune,32
1076,Karan Sharma,Ahmedabad,32
1077,Vikas Jain,Chennai,31
1078,Arjun Jain,Jaipur,20
1079,Rohit Sharma,Bangalore,49
1080,Vikas Jain,Pune,43
1081,Rohit Das,Ahmedabad,30
1082,Rahul Jain,Chennai,48
1083,Simran Gupta,Ahmedabad,40
1084,Karan Yadav,Delhi,22
1085,Rahul Verma,Kolkata,31
1086,Ananya Jain,Delhi,35
1087,Pooja Sharma,Ahmedabad,49
1088,Rohit Yadav,Jaipur,45
1089,Rohit Das,Ahmedabad,49
1090,Rohit Singh,Jaipur,43
1091,Rahul Verma,Mumbai,28
1092,Priya Das,Pune,54
1093,Vikas Yadav,Mumbai,42
1094,Amit Yadav,Ahmedabad,30
1095,Riya Singh,Kolkata,42
1096,Karan Gupta,Hyderabad,24
1097,Priya Das,Pune,50
1098,Ananya Gupta,Jaipur,48
1099,Simran Gupta,Delhi,50
1100,Neha Singh,Bangalore,25
1101,Rahul Mehta,Delhi,18
1102,Pooja Jain,Hyderabad,21
1103,Rahul Gupta,Bangalore,22
1104,Priya Gupta,Ahmedabad,44
1105,Rahul Gupta,Mumbai,30
1106,Rohit Gupta,Ahmedabad,44
1107,Neha Yadav,Lucknow,49
1108,Karan Agarwal,Mumbai,49
1109,Neha Singh,Mumbai,27
1110,Neha Singh,Ahmedabad,27
1111,Manish Jain,Mumbai,54
1112,Pooja Verma,Pune,51
1113,Rahul Gupta,Ahmedabad,48
1114,Vikas Mehta,Ahmedabad,53
1115,Neha Gupta,Lucknow,55
1116,Riya Yadav,Jaipur,41
1117,Neha Kaur,Lucknow,43
1118,Pooja Agarwal,Bangalore,21
1119,Rohit Sharma,Pune,47
1120,Karan Kaur,Ahmedabad,41
1121,Pooja Gupta,Kolkata,30
1122,Manish Kaur,Lucknow,36
1123,Simran Singh,Bangalore,32
1124,Rahul Verma,Mumbai,32
1125,Sneha Yadav,Lucknow,31
1126,Arjun Jain,Kolkata,21
1127,Vikas Singh,Delhi,37
1128,Priya Jain,Ahmedabad,31
1129,Vikas Sharma,Kolkata,38
1130,Vikas Singh,Mumbai,28
1131,Manish Sharma,Jaipur,28
1132,Sneha Sharma,Lucknow,49
1133,Ananya Das,Lucknow,45
1134,Amit Agarwal,Jaipur,42
1135,Neha Mehta,Delhi,53
1136,Arjun Sharma,Hyderabad,38
1137,Amit Gupta,Kolkata,29
1138,Ananya Gupta,Bangalore,34
1139,Manish Yadav,Mumbai,50
1140,Riya Verma,Jaipur,48
1141,Pooja Singh,Delhi,51
1142,Vikas Singh,Kolkata,30
1143,Karan Singh,Hyderabad,51
1144,Arjun Das,Chennai,48
1145,Sneha Agarwal,Ahmedabad,50
1146,Neha Singh,Chennai,25
1147,Rohit Agarwal,Delhi,20
1148,Simran Das,Mumbai,51
1149,Arjun Gupta,Kolkata,52
1150,Riya Yadav,Bangalore,52
1151,Amit Gupta,Pune,40
1152,Ananya Singh,Jaipur,47
1153,Sneha Verma,Jaipur,41
1154,Amit Jain,Hyderabad,55
1155,Pooja Das,Delhi,24
1156,Ananya Yadav,Chennai,29
1157,Rahul Singh,Pune,39
1158,Neha Sharma,Delhi,19
1159,Priya Gupta,Ahmedabad,47
1160,Pooja Sharma,Chennai,55
1161,Manish Jain,Mumbai,33
1162,Sneha Sharma,Bangalore,44
1163,Pooja Jain,Kolkata,20
1164,Vikas Verma,Chennai,44
1165,Rohit Singh,Hyderabad,51
1166,Simran Yadav,Ahmedabad,34
1167,Amit Sharma,Bangalore,48
1168,Priya Gupta,Pune,22
1169,Simran Singh,Lucknow,53
1170,Karan Gupta,Jaipur,26
1171,Simran Das,Hyderabad,26
1172,Karan Agarwal,Mumbai,26
1173,Rohit Sharma,Ahmedabad,35
1174,Rahul Das,Delhi,27
1175,Priya Sharma,Mumbai,47
1176,Priya Yadav,Jaipur,37
1177,Arjun Gupta,Jaipur,45
1178,Rohit Das,Kolkata,40
1179,Rahul Kaur,Bangalore,35
1180,Amit Jain,Hyderabad,21
1181,Ananya Sharma,Delhi,23
1182,Simran Kaur,Delhi,33
1183,Karan Yadav,Ahmedabad,42
1184,Neha Agarwal,Ahmedabad,35
1185,Karan Singh,Bangalore,23
1186,Pooja Das,Mumbai,25
1187,Rohit Mehta,Hyderabad,31
1188,Pooja Mehta,Lucknow,46
1189,Rohit Verma,Jaipur,54
1190,Pooja Gupta,Bangalore,24
1191,Pooja Gupta,Kolkata,23
1192,Ananya Yadav,Hyderabad,22
1193,Riya Jain,Pune,43
1194,Sneha Das,Ahmedabad,38
1195,Vikas Mehta,Ahmedabad,22
1196,Neha Yadav,Pune,51
1197,Priya Kaur,Pune,25
1198,Ananya Das,Delhi,32
1199,Rahul Yadav,Bangalore,30
1200,Rahul Mehta,Ahmedabad,20
1201,Karan Agarwal,Chennai,21
1202,Arjun Verma,Chennai,55
1203,Riya Gupta,Lucknow,46
1204,Simran Singh,Kolkata,45
1205,Amit Gupta,Kolkata,41
1206,Manish Jain,Jaipur,23
1207,Simran Yadav,Bangalore,50
1208,Neha Yadav,Kolkata,22
1209,Simran Das,Lucknow,51
1210,Karan Sharma,Hyderabad,30
1211,Amit Das,Hyderabad,33
1212,Priya Mehta,Lucknow,44
1213,Manish Yadav,Bangalore,33
1214,Amit Singh,Lucknow,52
1215,Amit Gupta,Lucknow,23
1216,Rohit Sharma,Bangalore,52
1217,Rahul Singh,Pune,39
1218,Priya Gupta,Mumbai,34
1219,Vikas Das,Ahmedabad,20
1220,Manish Sharma,Kolkata,20
1221,Priya Das,Chennai,37
1222,Arjun Yadav,Chennai,42
1223,Ananya Jain,Mumbai,55
1224,Arjun Sharma,Mumbai,45
1225,Riya Singh,Mumbai,18
1226,Neha Kaur,Mumbai,31
1227,Pooja Singh,Chennai,36
1228,Sneha Kaur,Kolkata,53
1229,Simran Mehta,Hyderabad,47
1230,Vikas Verma,Delhi,22
1231,Rahul Agarwal,Kolkata,31
1232,Priya Jain,Jaipur,29
1233,Arjun Agarwal,Jaipur,42
1234,Sneha Kaur,Hyderabad,33
1235,Ananya Sharma,Chennai,35
1236,Ananya Kaur,Pune,25
1237,Simran Verma,Hyderabad,46
1238,Vikas Singh,Jaipur,21
1239,Priya Gupta,Jaipur,45
1240,Pooja Mehta,Bangalore,22
1241,Manish Gupta,Delhi,55
1242,Rohit Singh,Lucknow,52
1243,Priya Kaur,Chennai,37
1244,Ananya Gupta,Delhi,46
1245,Vikas Agarwal,Pune,45
1246,Priya Das,Hyderabad,35
1247,Neha Kaur,Ahmedabad,48
1248,Sneha Jain,Ahmedabad,44
1249,Rahul Jain,Kolkata,22
1250,Riya Das,Kolkata,36
1251,Manish Singh,Lucknow,38
1252,Neha Gupta,Bangalore,34
1253,Priya Singh,Jaipur,19
1254,Arjun Yadav,Jaipur,32
1255,Karan Verma,Mumbai,28
1256,Ananya Agarwal,Jaipur,32
1257,Rahul Agarwal,Jaipur,35
1258,Amit Jain,Bangalore,25
1259,Priya Yadav,Chennai,37
1260,Priya Yadav,Lucknow,21
1261,Arjun Gupta,Mumbai,28
1262,Manish Kaur,Jaipur,25
1263,Amit Das,Pune,37
1264,Amit Jain,Kolkata,20
1265,Pooja Jain,Lucknow,31
1266,Rahul Jain,Bangalore,36
1267,Manish Das,Lucknow,23
1268,Priya Sharma,Bangalore,26
1269,Vikas Das,Pune,48
1270,Karan Jain,Delhi,34
1271,Amit Mehta,Ahmedabad,54
1272,Amit Yadav,Lucknow,47
1273,Sneha Sharma,Ahmedabad,50
1274,Sneha Yadav,Mumbai,25
1275,Sneha Agarwal,Ahmedabad,19
1276,Rohit Yadav,Mumbai,49
1277,Sneha Singh,Pune,55
1278,Amit Yadav,Kolkata,52
1279,Pooja Singh,Delhi,26
1280,Ananya Kaur,Chennai,45
1281,Arjun Mehta,Mumbai,44
1282,Ananya Mehta,Lucknow,36
1283,Rohit Verma,Delhi,45
1284,Karan Das,Hyderabad,23
1285,Ananya Das,Mumbai,55
1286,Simran Das,Mumbai,31
1287,Simran Das,Bangalore,28
1288,Pooja Verma,Hyderabad,36
1289,Manish Agarwal,Mumbai,49
1290,Simran Kaur,Lucknow,46
1291,Vikas Das,Lucknow,51
1292,Ananya Gupta,Bangalore,18
1293,Karan Jain,Bangalore,27
1294,Neha Gupta,Hyderabad,47
1295,Rohit Gupta,Mumbai,49
1296,Manish Mehta,Jaipur,43
1297,Simran Yadav,Lucknow,50
1298,Arjun Yadav,Kolkata,35
1299,Ananya Gupta,Hyderabad,42
1300,Amit Jain,Ahmedabad,26
1301,Ananya Singh,Bangalore,42
1302,Ananya Sharma,Pune,32
1303,Arjun Gupta,Chennai,55
1304,Rohit Agarwal,Kolkata,39
1305,Karan Agarwal,Mumbai,43
1306,Arjun Verma,Mumbai,18
1307,Sneha Sharma,Mumbai,23
1308,Sneha Gupta,Lucknow,34
1309,Amit Singh,Jaipur,39
1310,Arjun Jain,Pune,30
1311,Sneha Gupta,Jaipur,23
1312,Pooja Verma,Jaipur,46
1313,Sneha Das,Lucknow,24
1314,Amit Sharma,Bangalore,44
1315,Rohit Agarwal,Hyderabad,30
1316,Riya Gupta,Kolkata,50
1317,Amit Das,Ahmedabad,36
1318,Arjun Jain,Bangalore,46
1319,Amit Sharma,Chennai,28
1320,Rohit Sharma,Ahmedabad,38
1321,Amit Gupta,Chennai,24
1322,Neha Jain,Ahmedabad,49
1323,Ananya Singh,Mumbai,26
1324,Rahul Sharma,Hyderabad,28
1325,Rohit Gupta,Hyderabad,55
1326,Simran Kaur,Mumbai,18
1327,Sneha Singh,Ahmedabad,41
1328,Arjun Gupta,Chennai,24
1329,Riya Jain,Hyderabad,42
1330,Sneha Jain,Lucknow,26
1331,Rahul Gupta,Chennai,52
1332,Riya Jain,Lucknow,24
1333,Rohit Singh,Kolkata,43
1334,Arjun Verma,Delhi,43
1335,Ananya Sharma,Chennai,48
1336,Ananya Das,Bangalore,31
1337,Ananya Mehta,Hyderabad,51
1338,Priya Mehta,Hyderabad,26
1339,Vikas Singh,Pune,49
1340,Neha Sharma,Hyderabad,25
1341,Pooja Verma,Delhi,31
1342,Vikas Das,Jaipur,46
1343,Ananya Kaur,Ahmedabad,46
1344,Pooja Sharma,Hyderabad,34
1345,Karan Mehta,Mumbai,44
1346,Sneha Singh,Pune,24
1347,Sneha Sharma,Hyderabad,30
1348,Priya Yadav,Hyderabad,37
1349,Sneha Jain,Pune,32
1350,Amit Singh,Ahmedabad,35
1351,Rahul Gupta,Mumbai,18
1352,Pooja Gupta,Ahmedabad,42
1353,Sneha Kaur,Kolkata,25
1354,Neha Agarwal,Pune,21
1355,Riya Singh,Bangalore,30
1356,Vikas Gupta,Jaipur,43
1357,Simran Das,Mumbai,20
1358,Sneha Mehta,Kolkata,54
1359,Pooja Jain,Pune,39
1360,Pooja Sharma,Mumbai,42
1361,Rahul Jain,Delhi,50
1362,Ananya Jain,Delhi,49
1363,Pooja Yadav,Kolkata,55
1364,Manish Mehta,Hyderabad,28
1365,Manish Sharma,Jaipur,34
1366,Neha Das,Hyderabad,25
1367,Simran Gupta,Jaipur,44
1368,Simran Jain,Ahmedabad,26
1369,Riya Jain,Hyderabad,35
1370,Simran Gupta,Kolkata,45
1371,Amit Gupta,Chennai,50
1372,Karan Gupta,Jaipur,20
1373,Ananya Mehta,Kolkata,51
1374,Priya Sharma,Jaipur,24
1375,Priya Jain,Jaipur,47
1376,Riya Mehta,Jaipur,44
1377,Amit Jain,Ahmedabad,21
1378,Rahul Jain,Pune,50
1379,Amit Gupta,Lucknow,21
1380,Neha Das,Mumbai,28
1381,Rahul Yadav,Lucknow,27
1382,Riya Mehta,Kolkata,51
1383,Riya Yadav,Pune,27
1384,Rohit Kaur,Jaipur,38
1385,Arjun Jain,Kolkata,53
1386,Riya Mehta,Bangalore,19
1387,Arjun Verma,Hyderabad,41
1388,Ananya Mehta,Bangalore,29
1389,Priya Gupta,Jaipur,20
1390,Riya Das,Chennai,34
1391,Priya Das,Pune,37
1392,Vikas Yadav,Kolkata,46
1393,Pooja Das,Ahmedabad,44
1394,Karan Gupta,Kolkata,34
1395,Arjun Jain,Jaipur,54
1396,Ananya Agarwal,Delhi,36
1397,Manish Kaur,Pune,49
1398,Karan Kaur,Bangalore,48
1399,Sneha Gupta,Hyderabad,39
1400,Rohit Verma,Lucknow,54
1401,Simran Das,Bangalore,44
1402,Arjun Yadav,Chennai,35
1403,Neha Agarwal,Delhi,48
1404,Pooja Verma,Chennai,49
1405,Priya Yadav,Kolkata,20
1406,Vikas Jain,Kolkata,51
1407,Karan Das,Bangalore,31
1408,Priya Yadav,Mumbai,25
1409,Rohit Das,Bangalore,48
1410,Arjun Mehta,Kolkata,51
1411,Karan Kaur,Bangalore,21
1412,Neha Yadav,Pune,34
1413,Ananya Jain,Delhi,45
1414,Riya Singh,Delhi,54
1415,Pooja Yadav,Chennai,33
1416,Rahul Yadav,Pune,46
1417,Pooja Jain,Mumbai,41
1418,Amit Jain,Hyderabad,55
1419,Riya Agarwal,Chennai,19
1420,Rahul Das,Mumbai,43
1421,Ananya Jain,Lucknow,35
1422,Pooja Gupta,Kolkata,21
1423,Riya Yadav,Kolkata,38
1424,Amit Kaur,Hyderabad,26
1425,Pooja Gupta,Hyderabad,49
1426,Sneha Gupta,Chennai,40
1427,Neha Singh,Ahmedabad,21
1428,Simran Kaur,Chennai,47
1429,Ananya Kaur,Pune,45
1430,Vikas Verma,Hyderabad,40
1431,Amit Das,Mumbai,42
1432,Manish Kaur,Pune,27
1433,Neha Verma,Chennai,49
1434,Ananya Kaur,Pune,47
1435,Manish Verma,Kolkata,35
1436,Priya Mehta,Mumbai,54
1437,Rohit Gupta,Jaipur,23
1438,Priya Gupta,Jaipur,24
1439,Vikas Mehta,Hyderabad,27
1440,Amit Mehta,Ahmedabad,25
1441,Sneha Verma,Mumbai,39
1442,Riya Agarwal,Lucknow,41
1443,Vikas Yadav,Mumbai,44
1444,Sneha Kaur,Chennai,45
1445,Ananya Yadav,Ahmedabad,52
1446,Simran Gupta,Kolkata,48
1447,Vikas Verma,Pune,35
1448,Arjun Gupta,Chennai,20
1449,Riya Gupta,Delhi,18
1450,Pooja Das,Delhi,28
1451,Vikas Kaur,Ahmedabad,19
1452,Vikas Mehta,Ahmedabad,43
1453,Riya Yadav,Delhi,19
1454,Karan Singh,Lucknow,49
1455,Arjun Yadav,Pune,26
1456,Rahul Agarwal,Bangalore,54
1457,Simran Gupta,Lucknow,27
1458,Rohit Gupta,Ahmedabad,33
1459,Priya Singh,Delhi,31
1460,Ananya Mehta,Kolkata,41
1461,Ananya Yadav,Lucknow,18
1462,Vikas Singh,Jaipur,35
1463,Simran Sharma,Lucknow,38
1464,Riya Mehta,Hyderabad,45
1465,Rahul Gupta,Lucknow,47
1466,Simran Mehta,Pune,34
1467,Riya Verma,Pune,43
1468,Ananya Das,Jaipur,50
1469,Ananya Kaur,Jaipur,52
1470,Amit Sharma,Kolkata,38
1471,Rohit Singh,Mumbai,19
1472,Pooja Verma,Bangalore,48
1473,Riya Singh,Bangalore,47
1474,Priya Verma,Bangalore,35
1475,Rohit Kaur,Pune,29
1476,Neha Sharma,Chennai,46
1477,Manish Mehta,Kolkata,36
1478,Sneha Singh,Delhi,37
1479,Ananya Gupta,Hyderabad,30
1480,Karan Jain,Mumbai,34
1481,Karan Yadav,Ahmedabad,37
1482,Priya Gupta,Kolkata,43
1483,Arjun Verma,Pune,40
1484,Neha Sharma,Lucknow,28
1485,Ananya Agarwal,Bangalore,36
1486,Vikas Gupta,Pune,39
1487,Rahul Sharma,Bangalore,30
1488,Rahul Singh,Delhi,21
1489,Arjun Sharma,Kolkata,36
1490,Neha Mehta,Mumbai,22
1491,Simran Gupta,Hyderabad,29
1492,Amit Yadav,Bangalore,28
1493,Ananya Das,Delhi,46
1494,Simran Mehta,Pune,36
1495,Simran Gupta,Lucknow,51
1496,Amit Singh,Mumbai,46
1497,Ananya Singh,Lucknow,38
1498,Riya Jain,Bangalore,35
1499,Arjun Yadav,Chennai,25
1500,Amit Sharma,Pune,50
1501,Karan Sharma,Pune,28
1502,Amit Sharma,Delhi,34
1503,Neha Sharma,Chennai,48
1504,Priya Agarwal,Kolkata,39
1505,Simran Verma,Hyderabad,29
1506,Pooja Verma,Pune,27
1507,Pooja Singh,Kolkata,42
1508,Ananya Das,Ahmedabad,55
1509,Sneha Verma,Hyderabad,32
1510,Riya Singh,Mumbai,37
1511,Manish Das,Mumbai,25
1512,Simran Agarwal,Pune,33
1513,Manish Jain,Chennai,25
1514,Karan Yadav,Hyderabad,47
1515,Karan Singh,Mumbai,45
1516,Riya Yadav,Bangalore,54
1517,Neha Jain,Chennai,50
1518,Priya Agarwal,Kolkata,42
1519,Riya Verma,Pune,47
1520,Ananya Yadav,Hyderabad,55
1521,Pooja Gupta,Chennai,38
1522,Arjun Singh,Ahmedabad,20
1523,Arjun Yadav,Chennai,38
1524,Rohit Verma,Bangalore,31
1525,Pooja Kaur,Pune,54
1526,Amit Sharma,Kolkata,26
1527,Ananya Kaur,Lucknow,31
1528,Rohit Jain,Chennai,27
1529,Rahul Verma,Pune,32
1530,Pooja Das,Hyderabad,25
1531,Sneha Yadav,Hyderabad,44
1532,Rohit Gupta,Lucknow,52
1533,Riya Yadav,Delhi,42
1534,Karan Yadav,Pune,51
1535,Vikas Agarwal,Bangalore,23
1536,Rohit Mehta,Hyderabad,30
1537,Ananya Kaur,Jaipur,38
1538,Rahul Mehta,Delhi,51
1539,Rohit Mehta,Chennai,19
1540,Vikas Mehta,Jaipur,27
1541,Karan Agarwal,Chennai,24
1542,Vikas Verma,Kolkata,43
1543,Amit Kaur,Mumbai,54
1544,Riya Singh,Pune,42
1545,Simran Das,Pune,34
1546,Neha Yadav,Bangalore,32
1547,Arjun Yadav,Ahmedabad,20
1548,Neha Singh,Ahmedabad,27
1549,Simran Das,Bangalore,24
1550,Rohit Singh,Jaipur,21
1551,Manish Das,Lucknow,41
1552,Pooja Yadav,Hyderabad,40
1553,Rohit Yadav,Mumbai,32
1554,Sneha Kaur,Bangalore,40
1555,Arjun Das,Mumbai,47
1556,Manish Yadav,Jaipur,34
1557,Riya Kaur,Kolkata,27
1558,Rahul Sharma,Lucknow,41
1559,Vikas Singh,Pune,47
1560,Rohit Das,Kolkata,51
1561,Rohit Sharma,Bangalore,33
1562,Rohit Verma,Hyderabad,35
1563,Pooja Singh,Ahmedabad,29
1564,Ananya Das,Pune,20
1565,Priya Gupta,Jaipur,52
1566,Pooja Das,Lucknow,54
1567,Vikas Jain,Lucknow,34
1568,Ananya Verma,Delhi,24
1569,Manish Jain,Chennai,31
1570,Vikas Mehta,Ahmedabad,30
1571,Neha Jain,Mumbai,44
1572,Vikas Mehta,Chennai,36
1573,Simran Kaur,Mumbai,44
1574,Neha Singh,Kolkata,25
1575,Manish Das,Ahmedabad,52
1576,Riya Sharma,Mumbai,38
1577,Neha Kaur,Mumbai,30
1578,Amit Kaur,Bangalore,23
1579,Arjun Kaur,Mumbai,21
1580,Karan Kaur,Bangalore,49
1581,Vikas Kaur,Chennai,18
1582,Simran Jain,Lucknow,25
1583,Simran Verma,Lucknow,53
1584,Sneha Agarwal,Pune,20
1585,Neha Mehta,Lucknow,27
1586,Sneha Sharma,Jaipur,20
1587,Karan Das,Jaipur,53
1588,Rohit Verma,Ahmedabad,46
1589,Rahul Das,Hyderabad,45
1590,Ananya Verma,Jaipur,34
1591,Sneha Sharma,Mumbai,37
1592,Priya Singh,Ahmedabad,54
1593,Vikas Sharma,Jaipur,22
1594,Arjun Agarwal,Mumbai,33
1595,Riya Yadav,Lucknow,46
1596,Manish Jain,Lucknow,20
1597,Karan Kaur,Kolkata,41
1598,Karan Mehta,Mumbai,31
1599,Rahul Mehta,Delhi,49
1600,Arjun Agarwal,Kolkata,27
1601,Karan Das,Jaipur,46
1602,Rahul Agarwal,Kolkata,55
1603,Rohit Das,Jaipur,54
1604,Riya Sharma,Hyderabad,53
1605,Neha Singh,Ahmedabad,40
1606,Vikas Mehta,Mumbai,23
1607,Amit Singh,Pune,33
1608,Priya Singh,Lucknow,28
1609,Manish Verma,Lucknow,28
1610,Amit Jain,Chennai,55
1611,Priya Das,Pune,45
1612,Pooja Singh,Delhi,55
1613,Ananya Gupta,Bangalore,42
1614,Amit Gupta,Delhi,34
1615,Pooja Singh,Jaipur,30
1616,Rohit Singh,Jaipur,55
1617,Neha Yadav,Ahmedabad,42
1618,Amit Gupta,Ahmedabad,18
1619,Sneha Singh,Mumbai,21
1620,Rahul Gupta,Lucknow,43
1621,Simran Das,Bangalore,55
1622,Rohit Gupta,Bangalore,50
1623,Sneha Gupta,Kolkata,23
1624,Ananya Gupta,Chennai,35
1625,Pooja Kaur,Hyderabad,54
1626,Priya Sharma,Hyderabad,31
1627,Sneha Jain,Hyderabad,45
1628,Sneha Jain,Hyderabad,41
1629,Sneha Kaur,Jaipur,30
1630,Ananya Mehta,Lucknow,38
1631,Amit Singh,Hyderabad,52
1632,Karan Yadav,Mumbai,52
1633,Riya Yadav,Jaipur,50
1634,Vikas Agarwal,Kolkata,24
1635,Rohit Singh,Delhi,43
1636,Neha Mehta,Hyderabad,45
1637,Manish Mehta,Ahmedabad,50
1638,Simran Kaur,Pune,24
1639,Vikas Jain,Lucknow,41
1640,Pooja Gupta,Jaipur,52
1641,Neha Singh,Mumbai,32
1642,Riya Jain,Jaipur,32
1643,Ananya Jain,Delhi,43
1644,Pooja Yadav,Kolkata,44
1645,Neha Sharma,Chennai,32
1646,Karan Gupta,Pune,52
1647,Arjun Jain,Ahmedabad,55
1648,Ananya Yadav,Chennai,41
1649,Priya Das,Chennai,32
1650,Ananya Yadav,Pune,20
1651,Simran Singh,Mumbai,26
1652,Neha Das,Bangalore,50
1653,Sneha Kaur,Jaipur,34
1654,Amit Yadav,Pune,27
1655,Pooja Verma,Hyderabad,42
1656,Neha Yadav,Ahmedabad,50
1657,Manish Verma,Kolkata,31
1658,Riya Gupta,Jaipur,25
1659,Vikas Mehta,Ahmedabad,33
1660,Ananya Kaur,Lucknow,23
1661,Karan Sharma,Pune,21
1662,Simran Kaur,Bangalore,49
1663,Vikas Singh,Hyderabad,21
1664,Pooja Singh,Kolkata,35
1665,Priya Gupta,Lucknow,49
1666,Manish Mehta,Jaipur,21
1667,Karan Singh,Delhi,37
1668,Vikas Verma,Bangalore,19
1669,Vikas Jain,Lucknow,27
1670,Rahul Gupta,Bangalore,37
1671,Manish Singh,Chennai,46
1672,Simran Singh,Lucknow,30
1673,Priya Sharma,Hyderabad,42
1674,Pooja Das,Jaipur,20
1675,Arjun Yadav,Mumbai,28
1676,Ananya Gupta,Pune,37
1677,Karan Sharma,Kolkata,47
1678,Pooja Das,Pune,50
1679,Priya Mehta,Hyderabad,52
1680,Karan Singh,Jaipur,22
1681,Neha Jain,Chennai,52
1682,Ananya Das,Kolkata,19
1683,Ananya Kaur,Bangalore,19
1684,Vikas Yadav,Bangalore,36
1685,Manish Yadav,Hyderabad,55
1686,Arjun Yadav,Delhi,33
1687,Arjun Kaur,Pune,41
1688,Ananya Jain,Mumbai,21
1689,Manish Das,Bangalore,26
1690,Amit Das,Kolkata,33
1691,Sneha Agarwal,Delhi,20
1692,Amit Kaur,Kolkata,47
1693,Rohit Yadav,Hyderabad,43
1694,Karan Verma,Hyderabad,36
1695,Rahul Singh,Delhi,24
1696,Neha Yadav,Chennai,49
1697,Rohit Jain,Chennai,25
1698,Arjun Kaur,Bangalore,35
1699,Pooja Jain,Ahmedabad,52
1700,Pooja Sharma,Chennai,30
1701,Rahul Kaur,Lucknow,51
1702,Neha Sharma,Pune,47
1703,Riya Verma,Jaipur,40
1704,Rahul Sharma,Bangalore,50
1705,Rahul Das,Pune,43
1706,Karan Sharma,Kolkata,38
1707,Karan Agarwal,Hyderabad,48
1708,Karan Agarwal,Jaipur,52
1709,Vikas Verma,Chennai,23
1710,Simran Kaur,Bangalore,55
1711,Vikas Kaur,Bangalore,22
1712,Amit Mehta,Lucknow,48
1713,Simran Agarwal,Lucknow,26
1714,Neha Sharma,Lucknow,37
1715,Vikas Agarwal,Kolkata,34
1716,Simran Das,Lucknow,39
1717,Manish Das,Ahmedabad,20
1718,Karan Yadav,Hyderabad,49
1719,Sneha Das,Chennai,33
1720,Riya Agarwal,Chennai,36
1721,Manish Sharma,Chennai,48
1722,Ananya Gupta,Mumbai,55
1723,Manish Mehta,Hyderabad,21
1724,Simran Agarwal,Lucknow,39
1725,Rahul Verma,Lucknow,32
1726,Simran Gupta,Bangalore,45
1727,Arjun Agarwal,Pune,30
1728,Simran Kaur,Bangalore,18
1729,Rohit Singh,Delhi,19
1730,Riya Yadav,Pune,45
1731,Neha Gupta,Delhi,45
1732,Amit Singh,Delhi,43
1733,Riya Das,Pune,53
1734,Sneha Agarwal,Bangalore,42
1735,Manish Verma,Pune,49
1736,Arjun Sharma,Kolkata,33
1737,Vikas Mehta,Mumbai,45
1738,Sneha Agarwal,Ahmedabad,42
1739,Amit Das,Lucknow,36
1740,Neha Yadav,Kolkata,43
1741,Pooja Sharma,Delhi,44
1742,Simran Yadav,Ahmedabad,28
1743,Priya Gupta,Pune,30
1744,Karan Kaur,Jaipur,38
1745,Rohit Sharma,Pune,41
1746,Pooja Verma,Jaipur,26
1747,Priya Sharma,Bangalore,21
1748,Priya Jain,Chennai,39
1749,Amit Verma,Bangalore,26
1750,Neha Das,Hyderabad,28
1751,Ananya Singh,Jaipur,41
1752,Karan Jain,Ahmedabad,29
1753,Ananya Sharma,Ahmedabad,29
1754,Priya Verma,Delhi,27
1755,Vikas Jain,Lucknow,31
1756,Amit Verma,Ahmedabad,51
1757,Rohit Mehta,Lucknow,45
1758,Priya Jain,Kolkata,53
1759,Ananya Kaur,Ahmedabad,23
1760,Simran Das,Mumbai,37
1761,Neha Sharma,Hyderabad,25
1762,Neha Gupta,Jaipur,43
1763,Arjun Gupta,Ahmedabad,32
1764,Manish Singh,Kolkata,55
1765,Arjun Gupta,Mumbai,42
1766,Ananya Das,Delhi,48
1767,Arjun Kaur,Delhi,33
1768,Simran Jain,Bangalore,50
1769,Simran Kaur,Mumbai,38
1770,Riya Jain,Lucknow,37
1771,Sneha Gupta,Lucknow,21
1772,Pooja Verma,Bangalore,50
1773,Priya Gupta,Bangalore,19
1774,Simran Mehta,Delhi,21
1775,Riya Mehta,Pune,48
1776,Amit Mehta,Lucknow,22
1777,Ananya Kaur,Ahmedabad,19
1778,Rahul Das,Kolkata,23
1779,Pooja Verma,Bangalore,29
1780,Rohit Agarwal,Delhi,54
1781,Vikas Singh,Ahmedabad,32
1782,Karan Kaur,Mumbai,40
1783,Manish Kaur,Ahmedabad,24
1784,Priya Agarwal,Lucknow,29
1785,Manish Jain,Mumbai,37
1786,Riya Agarwal,Mumbai,54
1787,Pooja Mehta,Kolkata,54
1788,Priya Agarwal,Chennai,46
1789,Rahul Mehta,Kolkata,52
1790,Ananya Agarwal,Bangalore,37
1791,Simran Jain,Mumbai,36
1792,Amit Agarwal,Jaipur,26
1793,Ananya Agarwal,Pune,34
1794,Riya Agarwal,Chennai,45
1795,Neha Singh,Jaipur,52
1796,Simran Verma,Jaipur,26
1797,Rahul Sharma,Chennai,33
1798,Pooja Verma,Chennai,42
1799,Riya Gupta,Hyderabad,49
1800,Pooja Kaur,Jaipur,23
1801,Manish Agarwal,Kolkata,20
1802,Vikas Singh,Jaipur,54
1803,Simran Jain,Ahmedabad,26
1804,Karan Yadav,Delhi,19
1805,Arjun Sharma,Kolkata,18
1806,Pooja Mehta,Kolkata,38
1807,Rohit Gupta,Hyderabad,46
1808,Simran Singh,Hyderabad,42
1809,Pooja Kaur,Chennai,35
1810,Karan Jain,Mumbai,53
1811,Riya Mehta,Ahmedabad,48
1812,Simran Agarwal,Lucknow,33
1813,Riya Kaur,Mumbai,46
1814,Manish Mehta,Bangalore,25
1815,Priya Das,Lucknow,42
1816,Simran Singh,Lucknow,24
1817,Rohit Kaur,Hyderabad,25
1818,Sneha Verma,Kolkata,34
1819,Simran Mehta,Chennai,19
1820,Pooja Agarwal,Jaipur,33
1821,Vikas Gupta,Lucknow,54
1822,Ananya Verma,Kolkata,34
1823,Vikas Mehta,Ahmedabad,53
1824,Riya Verma,Jaipur,25
1825,Sneha Jain,Jaipur,20
1826,Riya Mehta,Pune,22
1827,Vikas Kaur,Kolkata,28
1828,Vikas Sharma,Chennai,43
1829,Arjun Yadav,Jaipur,46
1830,Amit Singh,Lucknow,26
1831,Riya Kaur,Jaipur,31
1832,Riya Kaur,Hyderabad,43
1833,Arjun Yadav,Jaipur,19
1834,Rohit Jain,Delhi,20
1835,Ananya Yadav,Bangalore,29
1836,Priya Singh,Lucknow,42
1837,Sneha Jain,Mumbai,53
1838,Amit Yadav,Bangalore,47
1839,Karan Jain,Delhi,37
1840,Simran Jain,Delhi,51
1841,Pooja Jain,Delhi,49
1842,Riya Gupta,Ahmedabad,42
1843,Priya Kaur,Chennai,46
1844,Rohit Sharma,Jaipur,20
1845,Rahul Sharma,Pune,30
1846,Pooja Gupta,Hyderabad,26
1847,Riya Sharma,Mumbai,27
1848,Rahul Das,Kolkata,55
1849,Simran Agarwal,Kolkata,19
1850,Vikas Agarwal,Lucknow,42
1851,Neha Mehta,Bangalore,53
1852,Rohit Verma,Jaipur,53
1853,Vikas Singh,Lucknow,18
1854,Simran Agarwal,Lucknow,38
1855,Vikas Yadav,Lucknow,31
1856,Karan Yadav,Bangalore,25
1857,Simran Verma,Chennai,29
1858,Pooja Kaur,Kolkata,51
1859,Karan Agarwal,Chennai,33
1860,Rahul Verma,Lucknow,38
1861,Neha Agarwal,Lucknow,32
1862,Rahul Gupta,Bangalore,21
1863,Ananya Das,Bangalore,33
1864,Rahul Sharma,Jaipur,46
1865,Ananya Sharma,Bangalore,53
1866,Vikas Kaur,Pune,37
1867,Rahul Gupta,Pune,51
1868,Priya Das,Mumbai,45
1869,Sneha Singh,Pune,24
1870,Pooja Singh,Mumbai,41
1871,Arjun Mehta,Chennai,20
1872,Simran Das,Lucknow,18
1873,Vikas Verma,Delhi,18
1874,Simran Gupta,Kolkata,24
1875,Neha Das,Mumbai,50
1876,Karan Yadav,Bangalore,46
1877,Sneha Agarwal,Mumbai,50
1878,Rahul Kaur,Bangalore,41
1879,Arjun Gupta,Mumbai,26
1880,Riya Yadav,Bangalore,29
1881,Neha Jain,Mumbai,21
1882,Simran Singh,Delhi,31
1883,Amit Kaur,Hyderabad,42
1884,Rahul Gupta,Pune,41
1885,Simran Yadav,Mumbai,30
1886,Pooja Sharma,Jaipur,46
1887,Priya Singh,Bangalore,19
1888,Manish Jain,Kolkata,32
1889,Rohit Verma,Mumbai,31
1890,Simran Gupta,Hyderabad,33
1891,Priya Mehta,Pune,51
1892,Manish Sharma,Ahmedabad,50
1893,Neha Kaur,Delhi,24
1894,Karan Yadav,Bangalore,49
1895,Manish Singh,Hyderabad,21
1896,Pooja Gupta,Lucknow,28
1897,Vikas Mehta,Hyderabad,35
1898,Pooja Agarwal,Lucknow,30
1899,Rahul Agarwal,Hyderabad,24
1900,Manish Sharma,Pune,37
1901,Manish Gupta,Bangalore,44
1902,Pooja Mehta,Chennai,19
1903,Rohit Mehta,Hyderabad,19
1904,Pooja Kaur,Delhi,31
1905,Vikas Verma,Kolkata,43
1906,Ananya Mehta,Lucknow,30
1907,Rohit Kaur,Mumbai,30
1908,Rohit Gupta,Chennai,34
1909,Amit Verma,Jaipur,19
1910,Rohit Singh,Lucknow,39
1911,Rahul Agarwal,Hyderabad,48
1912,Manish Gupta,Kolkata,20
1913,Vikas Mehta,Jaipur,43
1914,Amit Sharma,Chennai,40
1915,Neha Singh,Kolkata,53
1916,Ananya Kaur,Delhi,53
1917,Neha Verma,Pune,37
1918,Vikas Singh,Bangalore,35
1919,Simran Jain,Lucknow,55
1920,Pooja Verma,Pune,45
1921,Manish Yadav,Kolkata,48
1922,Neha Verma,Bangalore,51
1923,Simran Kaur,Ahmedabad,47
1924,Amit Verma,Mumbai,43
1925,Sneha Yadav,Chennai,30
1926,Arjun Kaur,Ahmedabad,40
1927,Simran Yadav,Lucknow,50
1928,Rohit Verma,Ahmedabad,18
1929,Neha Kaur,Jaipur,34
1930,Simran Jain,Mumbai,28
1931,Vikas Verma,Delhi,31
1932,Sneha Das,Bangalore,29
1933,Sneha Jain,Ahmedabad,25
1934,Neha Sharma,Jaipur,36
1935,Karan Gupta,Ahmedabad,26
1936,Simran Das,Lucknow,30
1937,Riya Das,Kolkata,30
1938,Rahul Agarwal,Delhi,30
1939,Karan Das,Lucknow,30
1940,Neha Yadav,Mumbai,38
1941,Simran Agarwal,Chennai,29
1942,Amit Mehta,Chennai,42
1943,Manish Yadav,Jaipur,22
1944,Pooja Das,Bangalore,34
1945,Rahul Agarwal,Kolkata,28
1946,Ananya Singh,Jaipur,48
1947,Riya Kaur,Mumbai,53
1948,Karan Jain,Chennai,44
1949,Sneha Jain,Chennai,30
1950,Pooja Gupta,Ahmedabad,31
1951,Manish Verma,Jaipur,31
1952,Rahul Mehta,Lucknow,33
1953,Karan Agarwal,Mumbai,39
1954,Amit Kaur,Chennai,21
1955,Arjun Sharma,Ahmedabad,33
1956,Amit Das,Mumbai,28
1957,Arjun Gupta,Hyderabad,30
1958,Rohit Agarwal,Delhi,50
1959,Simran Agarwal,Lucknow,18
1960,Arjun Yadav,Kolkata,21
1961,Manish Singh,Lucknow,33
1962,Arjun Verma,Pune,45
1963,Karan Sharma,Lucknow,42
1964,Rahul Das,Delhi,47
1965,Pooja Yadav,Kolkata,49
1966,Ananya Das,Bangalore,45
1967,Amit Mehta,Pune,34
1968,Simran Sharma,Delhi,42
1969,Karan Kaur,Hyderabad,42
1970,Sneha Mehta,Ahmedabad,47
1971,Karan Singh,Lucknow,21
1972,Sneha Agarwal,Bangalore,44
1973,Ananya Agarwal,Delhi,30
1974,Amit Agarwal,Ahmedabad,43
1975,Riya Mehta,Jaipur,18
1976,Karan Singh,Jaipur,39
1977,Neha Verma,Jaipur,38
1978,Amit Agarwal,Mumbai,30
1979,Pooja Das,Delhi,45
1980,Simran Jain,Jaipur,36
1981,Arjun Mehta,Bangalore,28
1982,Rohit Mehta,Ahmedabad,26
1983,Arjun Sharma,Ahmedabad,18
1984,Vikas Singh,Hyderabad,46
1985,Riya Sharma,Jaipur,28
1986,Manish Jain,Lucknow,47
1987,Priya Gupta,Ahmedabad,54
1988,Vikas Singh,Chennai,38
1989,Riya Verma,Lucknow,25
1990,Ananya Sharma,Lucknow,42
1991,Pooja Mehta,Delhi,24
1992,Ananya Jain,Delhi,55
1993,Pooja Kaur,Bangalore,37
1994,Ananya Sharma,Bangalore,36
1995,Manish Verma,Ahmedabad,25
1996,Arjun Verma,Jaipur,45
1997,Manish Verma,Jaipur,40
1998,Manish Agarwal,Bangalore,54
1999,Ananya Kaur,Ahmedabad,50
2000,Rohit Yadav,Chennai,47
